ID,Mod
986233,NM1
1911494,NM2
1752817,NM3
871861,NM4
161534,NM1
1603596,NM2
1296164,NM3
966034,NM4
1152893,NM1
1243791,NM2
1241865,NM3
160486,NM4
2082006,NM1
1774031,NM2
1562497,NM3
1211828,NM4
1626300,NM1
760779,NM2
2250833,NM3
2054205,NM4
2199786,NM1
72469,NM2
352863,NM3
2105177,NM4
1518059,NM1
789752,NM2
673275,NM3
2166564,NM4
835314,NM1
822166,NM2
803739,NM3
2133314,NM4
1073789,NM1
793845,NM2
2153280,NM3
922916,NM4
765740,NM1
2026835,NM2
2058636,NM3
1648505,NM4
1911574,NM1
1917058,NM2
1741989,NM3
2153771,NM4
519940,NM1
1461560,NM2
2191439,NM3
821336,NM4
734096,NM1
1543094,NM2
923384,NM3
1515652,NM4
146929,NM1
1745226,NM2
1781960,NM3
1609253,NM4
1915983,NM1
1372142,NM2
542336,NM3
1627723,NM4
223397,NM1
548376,NM2
1050214,NM3
2144226,NM4
1226282,NM1
642163,NM2
1530346,NM3
2220287,NM4
1231520,NM1
1223596,NM2
2008690,NM3
904866,NM4
1764267,NM1
2220267,NM2
1150882,NM3
1932689,NM4
1725575,NM1
2220743,NM2
717133,NM3
1859132,NM4
733432,NM1
2026835,NM2
1946996,NM3
959427,NM4
1162811,NM1
1821815,NM2
1127971,NM3
862246,NM4
1111493,NM1
1908618,NM2
2042304,NM3
1245003,NM4
2294643,NM1
1469136,NM2
1234064,NM3
1986856,NM4
1068523,NM1
2036906,NM2
1840585,NM3
1475314,NM4
2133966,NM1
1612947,NM2
369868,NM3
1769890,NM4
467726,NM1
1707233,NM2
1872812,NM3
2190839,NM4
1781731,NM1
1396459,NM2
2233533,NM3
1966553,NM4
1562547,NM1
1864007,NM2
1945754,NM3
1248700,NM4
1986140,NM1
2060262,NM2
1905293,NM3
2103821,NM4
1460834,NM1
1083033,NM2
670501,NM3
1615502,NM4
1065863,NM1
252103,NM2
1164369,NM3
2139224,NM4
1026834,NM1
197819,NM2
895806,NM3
1287822,NM4
438187,NM1
1243846,NM2
1557509,NM3
1634887,NM4
1279068,NM1
2026835,NM2
1966769,NM3
2100850,NM4
1041727,NM1
1425047,NM2
1220396,NM3
1636127,NM4
1848230,NM1
1826282,NM2
2303942,NM3
2463108,NM4
910134,NM1
637477,NM2
2044890,NM3
1288480,NM4
1717844,NM1
484890,NM2
1803506,NM3
1519885,NM4
1573242,NM1
509610,NM2
2201523,NM3
1549043,NM4
978325,NM1
306018,NM2
2154177,NM3
281914,NM4
524187,NM1
1806961,NM2
442037,NM3
622137,NM4
1643641,NM1
1038376,NM2
1392667,NM3
341005,NM4
1462180,NM1
1306871,NM2
1009327,NM3
1018845,NM4
1168674,NM1
257793,NM2
1387233,NM3
984660,NM4
1097612,NM1
1259185,NM2
1883717,NM3
201570,NM4
1782655,NM1
1277690,NM2
1762322,NM3
1834172,NM4
1837093,NM1
2067141,NM2
1554749,NM3
1104638,NM4
2133935,NM1
281036,NM2
160490,NM3
2073258,NM4
942788,NM1
1564926,NM2
2133726,NM3
1731655,NM4
1240236,NM1
433168,NM2
1739893,NM3
1678973,NM4
1744194,NM1
1039801,NM2
1559974,NM3
1411721,NM4
1148697,NM1
970233,NM2
1971717,NM3
1679782,NM4
2189653,NM1
1971718,NM2
1554749,NM3
1863342,NM4
1977809,NM1
2002882,NM2
2196768,NM3
1457925,NM4
1099170,NM1
1583059,NM2
765740,NM3
1927613,NM4
1296305,NM1
1415026,NM2
1245231,NM3
122693,NM4
1750280,NM1
1749822,NM2
1773876,NM3
1783014,NM4
1711021,NM1
1245365,NM2
1469136,NM3
1640115,NM4
1379897,NM1
194953,NM2
1656879,NM3
2061191,NM4
1332972,NM1
1685788,NM2
1782387,NM3
2133726,NM4
1931971,NM1
1803763,NM2
2023935,NM3
1063108,NM4
1931547,NM1
2026358,NM2
2182118,NM3
1566520,NM4
1635388,NM1
386899,NM2
2011188,NM3
2054205,NM4
1710439,NM1
1693575,NM2
1876995,NM3
1163440,NM4
1013155,NM1
797658,NM2
2167576,NM3
530250,NM4
1841906,NM1
1840374,NM2
1843708,NM3
1784484,NM4
1520788,NM1
1306871,NM2
2176538,NM3
1448070,NM4
1061459,NM1
764292,NM2
588523,NM3
1582902,NM4
2066867,NM1
976409,NM2
763289,NM3
1861701,NM4
1114132,NM1
2336532,NM2
2133938,NM3
1804515,NM4
2035657,NM1
86757,NM2
495541,NM3
2258472,NM4
1039561,NM1
332571,NM2
2204391,NM3
123374,NM4
1795805,NM1
613823,NM2
1859132,NM3
941254,NM4
1994839,NM1
2045906,NM2
1582594,NM3
1536491,NM4
1082145,NM1
2170985,NM2
1921147,NM3
1648505,NM4
959427,NM1
1021420,NM2
1565720,NM3
2303909,NM4
1776628,NM1
153484,NM2
684970,NM3
1217004,NM4
1513645,NM1
1768260,NM2
421743,NM3
1938210,NM4
1723257,NM1
1040424,NM2
682994,NM3
657916,NM4
857586,NM1
2100850,NM2
1972186,NM3
1756216,NM4
822219,NM1
1935880,NM2
1011288,NM3
1614500,NM4
1618986,NM1
403276,NM2
1578256,NM3
1772923,NM4
1068588,NM1
1497282,NM2
801585,NM3
1373031,NM4
2104765,NM1
1304049,NM2
132466,NM3
1095907,NM4
2066867,NM1
1039801,NM2
1896862,NM3
1268530,NM4
1235951,NM1
394069,NM2
1189538,NM3
1356012,NM4
2262204,NM1
1862241,NM2
177493,NM3
1993172,NM4
1290650,NM1
2026805,NM2
2167265,NM3
1909963,NM4
1810154,NM1
1682412,NM2
2256378,NM3
1351972,NM4
970078,NM1
1518377,NM2
2072475,NM3
1969171,NM4
2104765,NM1
1508949,NM2
1463294,NM3
1575929,NM4
860047,NM1
384313,NM2
934812,NM3
2054203,NM4
918428,NM1
2056505,NM2
977198,NM3
1345674,NM4
1791963,NM1
420964,NM2
984660,NM3
1994839,NM4
2140939,NM1
995693,NM2
1722775,NM3
1006386,NM4
2262204,NM1
1838165,NM2
1354636,NM3
1810374,NM4
1979409,NM1
2015643,NM2
2316728,NM3
1426307,NM4
1314214,NM1
1678973,NM2
146985,NM3
2143344,NM4
1184664,NM1
793845,NM2
1694860,NM3
675659,NM4
785048,NM1
1557181,NM2
1342357,NM3
1559974,NM4
2173926,NM1
1826282,NM2
1092615,NM3
2144225,NM4
1625960,NM1
1462834,NM2
1754352,NM3
533622,NM4
1783651,NM1
1559384,NM2
266778,NM3
352863,NM4
418139,NM1
1781960,NM2
241431,NM3
467726,NM4
2196278,NM1
1176958,NM2
1717182,NM3
670501,NM4
1520788,NM1
2026835,NM2
1714636,NM3
1562547,NM4
1940170,NM1
1553251,NM2
1809677,NM3
1434424,NM4
2132327,NM1
1039801,NM2
1566520,NM3
1843575,NM4
1513315,NM1
1919057,NM2
1543094,NM3
2017276,NM4
768555,NM1
574187,NM2
931487,NM3
2054199,NM4
980313,NM1
1049903,NM2
1734156,NM3
2279885,NM4
1635124,NM1
2044722,NM2
1949860,NM3
922916,NM4
1725346,NM1
1802630,NM2
1068592,NM3
1457925,NM4
1811389,NM1
877312,NM2
1890047,NM3
1994839,NM4
1165959,NM1
1763937,NM2
2011188,NM3
1457104,NM4
1219934,NM1
134443,NM2
1215429,NM3
1164369,NM4
753671,NM1
1109572,NM2
176069,NM3
1082510,NM4
907085,NM1
959272,NM2
1117247,NM3
847452,NM4
999064,NM1
1007185,NM2
1780727,NM3
959233,NM4
881313,NM1
394069,NM2
1062577,NM3
1042088,NM4
1450182,NM1
134334,NM2
1299008,NM3
380029,NM4
1810154,NM1
795096,NM2
281390,NM3
1008121,NM4
2047406,NM1
1469240,NM2
442037,NM3
279607,NM4
1785865,NM1
252103,NM2
1627723,NM3
1936561,NM4
1524357,NM1
2036340,NM2
2035761,NM3
2040764,NM4
1154766,NM1
1039801,NM2
1522964,NM3
1349478,NM4
2269187,NM1
1617279,NM2
2223096,NM3
1711326,NM4
1848732,NM1
716398,NM2
1751716,NM3
507910,NM4
909494,NM1
1044831,NM2
1126317,NM3
1306871,NM4
2021287,NM1
657916,NM2
1508083,NM3
792011,NM4
1266164,NM1
1843575,NM2
1972186,NM3
2040486,NM4
1221614,NM1
2210863,NM2
1451733,NM3
1730657,NM4
1953873,NM1
155235,NM2
1734156,NM3
1838381,NM4
823477,NM1
252103,NM2
947796,NM3
1259185,NM4
1529874,NM1
2045906,NM2
1624291,NM3
693542,NM4
1922235,NM1
734521,NM2
2154178,NM3
1927613,NM4
1846902,NM1
673958,NM2
1189538,NM3
2219978,NM4
2148514,NM1
1579914,NM2
1762037,NM3
1943786,NM4
2301486,NM1
1648055,NM2
494818,NM3
1716795,NM4
1679794,NM1
2378332,NM2
2378328,NM3
2382526,NM4
1407818,NM1
123374,NM2
47330,NM3
404550,NM4
1654138,NM1
1922693,NM2
386760,NM3
744672,NM4
2321574,NM1
1317186,NM2
2028973,NM3
717133,NM4
910478,NM1
1972186,NM2
2067859,NM3
609823,NM4
1250652,NM1
306683,NM2
2359478,NM3
732842,NM4
2131275,NM1
822166,NM2
1921032,NM3
1781960,NM4
1639219,NM1
957288,NM2
1578798,NM3
1609215,NM4
949612,NM1
317223,NM2
1814069,NM3
176069,NM4
725026,NM1
305445,NM2
1406368,NM3
168486,NM4
283723,NM1
1100429,NM2
2307796,NM3
921620,NM4
2284524,NM1
544334,NM2
1252022,NM3
145669,NM4
1900365,NM1
1439240,NM2
1955676,NM3
1972244,NM4
1225022,NM1
484036,NM2
1566520,NM3
2034284,NM4
1474012,NM1
847199,NM2
1973805,NM3
2103267,NM4
1810154,NM1
749780,NM2
1806531,NM3
1002857,NM4
880321,NM1
1682412,NM2
1968148,NM3
1232752,NM4
1124137,NM1
2021990,NM2
2063684,NM3
2099638,NM4
1492786,NM1
1787963,NM2
1830502,NM3
73561,NM4
1225805,NM1
1915983,NM2
2167576,NM3
541990,NM4
959233,NM1
1619453,NM2
1043223,NM3
145070,NM4
860472,NM1
153484,NM2
541990,NM3
1500846,NM4
1937819,NM1
1766008,NM2
1456417,NM3
827835,NM4
495633,NM1
609843,NM2
2092365,NM3
2096523,NM4
2274038,NM1
1242897,NM2
1932206,NM3
145669,NM4
2096212,NM1
1962277,NM2
600381,NM3
1838256,NM4
1718454,NM1
1346858,NM2
338391,NM3
804828,NM4
1774893,NM1
1223596,NM2
2034145,NM3
1718542,NM4
962500,NM1
2077120,NM2
1858570,NM3
269773,NM4
1057469,NM1
1964152,NM2
1252022,NM3
717133,NM4
857586,NM1
1514799,NM2
1693575,NM3
183460,NM4
1629799,NM1
2014556,NM2
1876287,NM3
1964221,NM4
1914227,NM1
1055975,NM2
1465149,NM3
2008690,NM4
2118714,NM1
2045906,NM2
1126317,NM3
1731655,NM4
1954858,NM1
663889,NM2
1946996,NM3
1722011,NM4
1710926,NM1
986939,NM2
1451733,NM3
1734494,NM4
2117380,NM1
1389624,NM2
1116977,NM3
2011188,NM4
2176046,NM1
1897638,NM2
2255709,NM3
1679788,NM4
1027973,NM1
2547374,NM2
1582594,NM3
2020098,NM4
1126317,NM1
2036340,NM2
908093,NM3
1647345,NM4
975385,NM1
609843,NM2
2323943,NM3
55474,NM4
2262204,NM1
1918015,NM2
1918539,NM3
1840640,NM4
775513,NM1
2027309,NM2
2279004,NM3
1469136,NM4
2294643,NM1
1884388,NM2
179559,NM3
2438634,NM4
1361429,NM1
1188172,NM2
2057956,NM3
1160949,NM4
2247583,NM1
902716,NM2
2049110,NM3
92780,NM4
2084193,NM1
2135058,NM2
1291481,NM3
1874847,NM4
2066867,NM1
2036340,NM2
1722011,NM3
2219160,NM4
1361845,NM1
1156816,NM2
1595870,NM3
1972186,NM4
2272898,NM1
547874,NM2
1650139,NM3
2258374,NM4
2250760,NM1
2467744,NM2
1842523,NM3
2038186,NM4
2250670,NM1
2477046,NM2
1871128,NM3
1451733,NM4
719231,NM1
278451,NM2
1550984,NM3
1947202,NM4
1435550,NM1
1223596,NM2
1734156,NM3
701033,NM4
1684136,NM1
789091,NM2
1392667,NM3
1746520,NM4
1113057,NM1
2045906,NM2
2203226,NM3
1667256,NM4
2158483,NM1
1191349,NM2
908093,NM3
1969064,NM4
1639118,NM1
1148238,NM2
1945199,NM3
1038473,NM4
1734403,NM1
976409,NM2
1804058,NM3
898106,NM4
1290650,NM1
2082006,NM2
1993172,NM3
380029,NM4
2163594,NM1
1265816,NM2
2147938,NM3
266055,NM4
1213767,NM1
2039004,NM2
1454746,NM3
2242256,NM4
430888,NM1
1435453,NM2
832543,NM3
1572152,NM4
705801,NM1
923377,NM2
127846,NM3
835047,NM4
1961963,NM1
2004679,NM2
1746519,NM3
2044890,NM4
2139960,NM1
1497525,NM2
1589818,NM3
2142807,NM4
1734126,NM1
1095270,NM2
748656,NM3
2033671,NM4
978325,NM1
731975,NM2
269773,NM3
1573887,NM4
1283956,NM1
181253,NM2
719443,NM3
1348414,NM4
638551,NM1
358362,NM2
98415,NM3
1876451,NM4
2255457,NM1
1872812,NM2
168031,NM3
1604076,NM4
1355247,NM1
657916,NM2
729619,NM3
1039881,NM4
1076701,NM1
305948,NM2
1211828,NM3
1442763,NM4
1008851,NM1
986939,NM2
1849487,NM3
1500437,NM4
853167,NM1
93893,NM2
650610,NM3
309797,NM4
887556,NM1
1423240,NM2
1784484,NM3
925768,NM4
2133935,NM1
581939,NM2
2281211,NM3
297668,NM4
2284524,NM1
1042623,NM2
2028583,NM3
50845,NM4
2417473,NM1
1415026,NM2
2219809,NM3
2116466,NM4
2266069,NM1
2285424,NM2
1565720,NM3
2279004,NM4
1487213,NM1
1838165,NM2
1094551,NM3
1958623,NM4
1165959,NM1
1918015,NM2
1731655,NM3
1451540,NM4
1296305,NM1
986939,NM2
2134989,NM3
1451733,NM4
927754,NM1
1989886,NM2
1849132,NM3
1731978,NM4
1391381,NM1
1682749,NM2
1988829,NM3
1850085,NM4
2053468,NM1
2026835,NM2
637391,NM3
2140171,NM4
1859160,NM1
841861,NM2
1958595,NM3
815857,NM4
1508978,NM1
1434424,NM2
2036650,NM3
1461594,NM4
2066867,NM1
1578256,NM2
1863869,NM3
1043223,NM4
1084742,NM1
2164735,NM2
1694395,NM3
1559974,NM4
2272898,NM1
2026805,NM2
2251476,NM3
2251000,NM4
804960,NM1
306669,NM2
1971720,NM3
359780,NM4
1231091,NM1
797658,NM2
1812405,NM3
1168349,NM4
1599783,NM1
278451,NM2
2067296,NM3
2088589,NM4
751984,NM1
635679,NM2
1600024,NM3
2061191,NM4
1635124,NM1
2135058,NM2
2428503,NM3
2144226,NM4
2135202,NM1
151229,NM2
1697022,NM3
2042325,NM4
1218984,NM1
1838159,NM2
1630782,NM3
1388891,NM4
1347457,NM1
214262,NM2
1669805,NM3
278262,NM4
921979,NM1
574187,NM2
1626314,NM3
1055190,NM4
1813989,NM1
153066,NM2
2167576,NM3
1877730,NM4
1479842,NM1
1766008,NM2
1768260,NM3
1523023,NM4
2380125,NM1
1619453,NM2
1678973,NM3
1164369,NM4
1707318,NM1
257793,NM2
895806,NM3
976187,NM4
1208461,NM1
448058,NM2
2049696,NM3
2295585,NM4
1747614,NM1
195305,NM2
2123415,NM3
1278874,NM4
2158483,NM1
1139787,NM2
1941180,NM3
1930104,NM4
2299186,NM1
2405862,NM2
2405674,NM3
2246356,NM4
1872989,NM1
2027382,NM2
1958623,NM3
2416639,NM4
1810154,NM1
2077121,NM2
2426162,NM3
2527867,NM4
2205432,NM1
789752,NM2
1919057,NM3
530250,NM4
1653723,NM1
2097308,NM2
1814068,NM3
1197211,NM4
2054768,NM1
641169,NM2
1863462,NM3
1781876,NM4
1859321,NM1
484036,NM2
1726857,NM3
1509639,NM4
1408543,NM1
1907933,NM2
890915,NM3
1559554,NM4
1750280,NM1
463136,NM2
2359478,NM3
2103267,NM4
2258368,NM1
2279885,NM2
541990,NM3
1052124,NM4
1582594,NM1
1791443,NM2
2220831,NM3
1113057,NM4
1430503,NM1
970076,NM2
803199,NM3
657916,NM4
1752817,NM1
2066867,NM2
1389624,NM3
1053232,NM4
1639118,NM1
609843,NM2
536476,NM3
572051,NM4
142954,NM1
1354519,NM2
684163,NM3
1434351,NM4
1154766,NM1
110914,NM2
1785322,NM3
2049347,NM4
611753,NM1
796161,NM2
63804,NM3
1169201,NM4
1307021,NM1
1679782,NM2
48098,NM3
1566520,NM4
2042533,NM1
1476582,NM2
1776455,NM3
678106,NM4
2017880,NM1
462700,NM2
330276,NM3
889177,NM4
2043183,NM1
1176958,NM2
183460,NM3
987514,NM4
1649463,NM1
1452809,NM2
2167576,NM3
1784484,NM4
1133815,NM1
195305,NM2
656915,NM3
2301941,NM4
1050198,NM1
822166,NM2
2295838,NM3
1731655,NM4
1262408,NM1
2036340,NM2
967558,NM3
2023935,NM4
1307021,NM1
1419149,NM2
1867667,NM3
1858669,NM4
1192241,NM1
1476996,NM2
1509639,NM3
2133938,NM4
1513645,NM1
1176958,NM2
1618334,NM3
176069,NM4
1520788,NM1
2170985,NM2
1921147,NM3
2220743,NM4
2284524,NM1
1434424,NM2
1805438,NM3
2100850,NM4
2238810,NM1
800326,NM2
2389811,NM3
1451540,NM4
2162911,NM1
2026805,NM2
2133938,NM3
1862521,NM4
2184608,NM1
1067906,NM2
1728500,NM3
1731978,NM4
898195,NM1
1463237,NM2
804314,NM3
1963418,NM4
1701564,NM1
180104,NM2
2310680,NM3
2203441,NM4
978326,NM1
480405,NM2
2123415,NM3
1593545,NM4
1078421,NM1
214143,NM2
1463294,NM3
2332941,NM4
2204234,NM1
1968486,NM2
1603080,NM3
2011189,NM4
841064,NM1
1389624,NM2
861856,NM3
1966769,NM4
1890476,NM1
622589,NM2
1984257,NM3
1985946,NM4
1046536,NM1
907479,NM2
1251361,NM3
1440743,NM4
1245345,NM1
1541243,NM2
1501737,NM3
1430234,NM4
1919312,NM1
668662,NM2
1809677,NM3
1373216,NM4
992685,NM1
1419149,NM2
2210863,NM3
1629168,NM4
1155264,NM1
1257564,NM2
1578322,NM3
1609620,NM4
2231704,NM1
1140187,NM2
1968148,NM3
1717644,NM4
2137749,NM1
1330828,NM2
768896,NM3
1961615,NM4
1630565,NM1
2336532,NM2
456291,NM3
1805438,NM4
2330438,NM1
1158582,NM2
1844382,NM3
1803114,NM4
1041727,NM1
750244,NM2
1559974,NM3
1850200,NM4
1066809,NM1
2271070,NM2
2430989,NM3
2038186,NM4
1979409,NM1
2242435,NM2
1770304,NM3
1985100,NM4
2291788,NM1
1494458,NM2
197813,NM3
139649,NM4
1806995,NM1
905684,NM2
232323,NM3
783861,NM4
1725347,NM1
1799238,NM2
238052,NM3
1600778,NM4
656270,NM1
2014556,NM2
1387233,NM3
1392667,NM4
1966553,NM1
789752,NM2
1534587,NM3
666445,NM4
2086666,NM1
1306871,NM2
649034,NM3
2332941,NM4
1041727,NM1
657916,NM2
2140171,NM3
1809677,NM4
1125470,NM1
306669,NM2
1919057,NM3
684970,NM4
1636195,NM1
1042623,NM2
1481140,NM3
1740092,NM4
1307021,NM1
144029,NM2
2028973,NM3
2011977,NM4
1099170,NM1
724194,NM2
1509639,NM3
2040486,NM4
1170646,NM1
1972186,NM2
994310,NM3
1938210,NM4
1290650,NM1
1722835,NM2
2388562,NM3
1569152,NM4
1966553,NM1
902716,NM2
2319981,NM3
1481140,NM4
2266659,NM1
1317186,NM2
1411721,NM3
1430503,NM4
2066867,NM1
920704,NM2
1966086,NM3
205941,NM4
1114132,NM1
2232865,NM2
1814107,NM3
1160948,NM4
2262204,NM1
2082006,NM2
1993172,NM3
292999,NM4
2266069,NM1
2583505,NM2
1935880,NM3
2335765,NM4
1972467,NM1
874858,NM2
2220267,NM3
110914,NM4
1374121,NM1
194953,NM2
1160949,NM3
1572436,NM4
2231135,NM1
1290572,NM2
1104818,NM3
2035761,NM4
2247587,NM1
231964,NM2
1463294,NM3
973046,NM4
2257151,NM1
1434424,NM2
1736085,NM3
2251036,NM4
2463755,NM1
682053,NM2
763289,NM3
1636127,NM4
2055845,NM1
1725613,NM2
1621858,NM3
2045001,NM4
974854,NM1
2023743,NM2
1804060,NM3
1483948,NM4
1966084,NM1
418761,NM2
2058908,NM3
1612947,NM4
1133613,NM1
734096,NM2
904351,NM3
427455,NM4
1782655,NM1
1076667,NM2
953945,NM3
2373535,NM4
860047,NM1
1038376,NM2
1347993,NM3
925680,NM4
1123155,NM1
2105741,NM2
1856758,NM3
941254,NM4
1090074,NM1
241578,NM2
1543094,NM3
1535289,NM4
1354594,NM1
657054,NM2
1062212,NM3
1461560,NM4
1689076,NM1
734096,NM2
2220267,NM3
2226932,NM4
1313971,NM1
1222416,NM2
2361622,NM3
269773,NM4
1714636,NM1
195305,NM2
2116103,NM3
541990,NM4
1937819,NM1
2143901,NM2
2300237,NM3
1538383,NM4
975385,NM1
949234,NM2
1430503,NM3
1575929,NM4
1707318,NM1
2296800,NM2
1822965,NM3
1985946,NM4
969686,NM1
240488,NM2
1188172,NM3
1890047,NM4
1573918,NM1
2227418,NM2
1559554,NM3
771122,NM4
1750280,NM1
988403,NM2
1943786,NM3
1173138,NM4
1820714,NM1
1156536,NM2
1026949,NM3
2376713,NM4
230127,NM1
662064,NM2
459616,NM3
1816123,NM4
1965586,NM1
2276016,NM2
2054203,NM3
1458349,NM4
1057469,NM1
1766008,NM2
827835,NM3
1158259,NM4
1081059,NM1
2002882,NM2
312959,NM3
2183542,NM4
2167561,NM1
416971,NM2
153857,NM3
736300,NM4
1776628,NM1
1372586,NM2
1396902,NM3
1853285,NM4
2239240,NM1
306669,NM2
1097509,NM3
1515652,NM4
1639219,NM1
146985,NM2
1889174,NM3
2159143,NM4
1563445,NM1
2026835,NM2
1752368,NM3
1543234,NM4
2330438,NM1
765740,NM2
2012780,NM3
1862521,NM4
1986326,NM1
1838165,NM2
1477241,NM3
2054205,NM4
944709,NM1
827019,NM2
1637690,NM3
826347,NM4
154165,NM1
306038,NM2
1951094,NM3
1269449,NM4
2206921,NM1
1477261,NM2
1756217,NM3
1601126,NM4
1283956,NM1
264439,NM2
2062581,NM3
1505919,NM4
1759615,NM1
2023743,NM2
1501410,NM3
904077,NM4
1069950,NM1
1009829,NM2
1184958,NM3
1612947,NM4
592367,NM1
566749,NM2
1834172,NM3
269773,NM4
1513645,NM1
1766008,NM2
2017579,NM3
1582594,NM4
1773968,NM1
483199,NM2
827835,NM3
907302,NM4
975153,NM1
2045906,NM2
1387233,NM3
2101513,NM4
927819,NM1
724194,NM2
2220743,NM3
2377630,NM4
2450295,NM1
708466,NM2
2100850,NM3
2139741,NM4
1680262,NM1
1918015,NM2
1178184,NM3
1722011,NM4
1170646,NM1
2026805,NM2
1356012,NM3
1993172,NM4
585895,NM1
2350932,NM2
235354,NM3
1105879,NM4
1501806,NM1
911517,NM2
970190,NM3
1620017,NM4
655216,NM1
663373,NM2
2039004,NM3
826347,NM4
2217566,NM1
2276017,NM2
1435453,NM3
1445844,NM4
2122583,NM1
317150,NM2
2223393,NM3
1388891,NM4
1971099,NM1
899018,NM2
696303,NM3
1983452,NM4
1602863,NM1
729813,NM2
2148692,NM3
1458529,NM4
1278531,NM1
369938,NM2
2151528,NM3
1526485,NM4
1093352,NM1
574187,NM2
1701907,NM3
701033,NM4
736729,NM1
1736935,NM2
1734156,NM3
1217004,NM4
989603,NM1
902716,NM2
908093,NM3
1120184,NM4
888021,NM1
2026358,NM2
1104818,NM3
1461594,NM4
1774893,NM1
1223596,NM2
2034145,NM3
1718542,NM4
962500,NM1
2077120,NM2
1858570,NM3
269773,NM4
1057469,NM1
1964152,NM2
1252022,NM3
717133,NM4
857586,NM1
1514799,NM2
1693575,NM3
183460,NM4
1435550,NM1
1176958,NM2
1834172,NM3
1753120,NM4
2104765,NM1
970233,NM2
2218604,NM3
2233533,NM4
1639118,NM1
657917,NM2
1492544,NM3
1451540,NM4
1121616,NM1
2467744,NM2
1521299,NM3
2011390,NM4
2206972,NM1
2023743,NM2
2195244,NM3
2124036,NM4
889634,NM1
141663,NM2
1309990,NM3
1250319,NM4
756065,NM1
1799238,NM2
1713589,NM3
1964178,NM4
980313,NM1
153066,NM2
2022893,NM3
899382,NM4
1009600,NM1
1824960,NM2
1341554,NM3
1497282,NM4
975385,NM1
793845,NM2
2160574,NM3
1649675,NM4
1292762,NM1
1849738,NM2
2130903,NM3
2604431,NM4
760894,NM1
241578,NM2
2220287,NM3
1501410,NM4
2176783,NM1
308991,NM2
1469338,NM3
1244306,NM4
740692,NM1
2031188,NM2
1988066,NM3
1701400,NM4
1947119,NM1
2276016,NM2
953945,NM3
352863,NM4
2196278,NM1
1037583,NM2
1164369,NM3
1347099,NM4
1934098,NM1
764292,NM2
1218637,NM3
1018845,NM4
1536491,NM1
740044,NM2
1927613,NM3
2189444,NM4
1725346,NM1
1361805,NM2
1461594,NM3
1465195,NM4
916972,NM1
902716,NM2
1188172,NM3
1768260,NM4
1511837,NM1
1964152,NM2
1219592,NM3
146610,NM4
1710926,NM1
1062720,NM2
922916,NM3
1252022,NM4
1121616,NM1
1958623,NM2
2322259,NM3
1702072,NM4
1404975,NM1
36134,NM2
1242789,NM3
978382,NM4
1774893,NM1
1543094,NM2
1526485,NM3
730428,NM4
719231,NM1
1950959,NM2
2167576,NM3
2044722,NM4
1279424,NM1
635679,NM2
1656233,NM3
1440743,NM4
416211,NM1
660887,NM2
923384,NM3
1414767,NM4
1245276,NM1
2123588,NM2
98415,NM3
870481,NM4
695893,NM1
1176958,NM2
1978280,NM3
2070414,NM4
1635124,NM1
902716,NM2
2279885,NM3
1215429,NM4
2231135,NM1
1317186,NM2
1694583,NM3
2422429,NM4
1680262,NM1
1911574,NM2
1821815,NM3
1527979,NM4
2021287,NM1
1434424,NM2
922916,NM3
2136334,NM4
1971660,NM1
1226904,NM2
1778482,NM3
1504336,NM4
1900365,NM1
1606436,NM2
145669,NM3
1615853,NM4
1979831,NM1
1693573,NM2
2254959,NM3
2066685,NM4
764310,NM1
2249464,NM2
2242240,NM3
1693575,NM4
1910836,NM1
231964,NM2
1440743,NM3
1392667,NM4
719231,NM1
635679,NM2
1858570,NM3
1919057,NM4
2196978,NM1
1697299,NM2
1029719,NM3
1843231,NM4
2007683,NM1
2170985,NM2
1993330,NM3
1197211,NM4
1307021,NM1
765740,NM2
2182383,NM3
2140171,NM4
2238810,NM1
1421048,NM2
1345663,NM3
1958623,NM4
2450295,NM1
1434424,NM2
2371698,NM3
1557509,NM4
1225022,NM1
2026805,NM2
1521299,NM3
1457104,NM4
2262204,NM1
1255288,NM2
1567435,NM3
2254959,NM4
1066809,NM1
658127,NM2
1469136,NM3
1731978,NM4
1820714,NM1
1009197,NM2
1351972,NM3
2255709,NM4
2422504,NM1
384313,NM2
2218604,NM3
1753120,NM4
2450295,NM1
1434424,NM2
2371698,NM3
2220743,NM4
1225022,NM1
2026805,NM2
1521299,NM3
1457104,NM4
2262204,NM1
1255288,NM2
1567435,NM3
2294521,NM4
1066809,NM1
658127,NM2
1299008,NM3
2254959,NM4
2302319,NM1
635679,NM2
2428503,NM3
2351131,NM4
2422504,NM1
793845,NM2
2218604,NM3
1753120,NM4
2450295,NM1
1434424,NM2
2371698,NM3
2220743,NM4
1225022,NM1
1972186,NM2
2103267,NM3
1457104,NM4
2262204,NM1
1255288,NM2
1567435,NM3
2371802,NM4
1651769,NM1
1423240,NM2
1464590,NM3
2068347,NM4
2302319,NM1
2365928,NM2
2428503,NM3
1753120,NM4
2422504,NM1
793845,NM2
2218604,NM3
1975886,NM4
2450295,NM1
970233,NM2
2371698,NM3
2220743,NM4
1225022,NM1
2477046,NM2
1842523,NM3
1451540,NM4
1824415,NM1
1389624,NM2
2219809,NM3
2340905,NM4
2122301,NM1
974975,NM2
1862521,NM3
2431393,NM4
1979831,NM1
2324154,NM2
2294521,NM3
2148623,NM4
962709,NM1
1845407,NM2
2266726,NM3
1694787,NM4
1810154,NM1
975588,NM2
2527867,NM3
2097855,NM4
901234,NM1
209576,NM2
281069,NM3
1838381,NM4
680886,NM1
847314,NM2
1560218,NM3
1498091,NM4
1214269,NM1
895499,NM2
1718160,NM3
2265852,NM4
1495657,NM1
2067141,NM2
2354363,NM3
1681517,NM4
1872396,NM1
1317186,NM2
2035761,NM3
2361457,NM4
1206365,NM1
526757,NM2
145669,NM3
1306398,NM4
1255495,NM1
581939,NM2
1244426,NM3
1858570,NM4
1296925,NM1
2036340,NM2
801585,NM3
1150555,NM4
1939512,NM1
1039801,NM2
1609215,NM3
2096523,NM4
881313,NM1
820835,NM2
1451540,NM3
1306399,NM4
2167561,NM1
1434424,NM2
1864300,NM3
1605312,NM4
2137749,NM1
317223,NM2
1554372,NM3
1891490,NM4
2278105,NM1
2524501,NM2
2012548,NM3
2092293,NM4
1718454,NM1
1865097,NM2
2140171,NM3
2533322,NM4
2097124,NM1
2240948,NM2
2470619,NM3
2135522,NM4
2035478,NM1
890329,NM2
2193647,NM3
2294521,NM4
1820714,NM1
1688885,NM2
2457465,NM3
1546209,NM4
898195,NM1
2006725,NM2
1214269,NM3
1564294,NM4
1728042,NM1
1652184,NM2
725026,NM3
870481,NM4
1414172,NM1
2220743,NM2
1602635,NM3
2146132,NM4
1719416,NM1
1419975,NM2
2320392,NM3
2040486,NM4
2330438,NM1
2341602,NM2
1726857,NM3
2067859,NM4
1836680,NM1
2005910,NM2
1842867,NM3
1726866,NM4
1522330,NM1
282166,NM2
719443,NM3
980736,NM4
953991,NM1
386759,NM2
283509,NM3
1501410,NM4
698252,NM1
734096,NM2
1414767,NM3
2043907,NM4
2274002,NM1
1857527,NM2
1707233,NM3
2020137,NM4
2267030,NM1
384313,NM2
1582594,NM3
1218637,NM4
837694,NM1
144029,NM2
1772923,NM3
1481140,NM4
1923556,NM1
1685793,NM2
2074851,NM3
888715,NM4
2184125,NM1
2056505,NM2
1014879,NM3
1440743,NM4
2335100,NM1
2164735,NM2
2011189,NM3
2133726,NM4
1900365,NM1
1421048,NM2
1657931,NM3
2318302,NM4
1689229,NM1
1907933,NM2
2226504,NM3
832750,NM4
2367179,NM1
1763938,NM2
2352892,NM3
890911,NM4
1513645,NM1
902716,NM2
1164369,NM3
1701907,NM4
804960,NM1
252094,NM2
1762322,NM3
1858570,NM4
1707318,NM1
1638990,NM2
2112706,NM3
1392667,NM4
1524183,NM1
795867,NM2
2233533,NM3
1030937,NM4
1082145,NM1
1794298,NM2
168031,NM3
1219592,NM4
1900365,NM1
1139787,NM2
2047528,NM3
2020375,NM4
1360912,NM1
2477046,NM2
1457925,NM3
2371698,NM4
2195938,NM1
2365928,NM2
1639734,NM3
701033,NM4
1493345,NM1
2067141,NM2
1694553,NM3
1887289,NM4
1244144,NM1
384313,NM2
2428503,NM3
2279885,NM4
2034429,NM1
2319348,NM2
2234222,NM3
815857,NM4
1250888,NM1
1434424,NM2
792011,NM3
1731655,NM4
773238,NM1
1007185,NM2
145669,NM3
2483981,NM4
2137749,NM1
330273,NM2
2251036,NM3
1430503,NM4
1025551,NM1
581939,NM2
2057956,NM3
1009327,NM4
2525448,NM1
793845,NM2
1398810,NM3
1481140,NM4
986375,NM1
2036340,NM2
908093,NM3
1120184,NM4
1680262,NM1
877312,NM2
1464448,NM3
1139440,NM4
2462350,NM1
2356072,NM2
2076801,NM3
1693575,NM4
1836680,NM1
2565902,NM2
1451733,NM3
2134989,NM4
1898692,NM1
1836687,NM2
1603595,NM3
2275704,NM4
1588264,NM1
2017276,NM2
541990,NM3
821238,NM4
1837093,NM1
2519797,NM2
684970,NM3
670501,NM4
1974602,NM1
1780840,NM2
1582594,NM3
2035761,NM4
2266659,NM1
1964152,NM2
1126317,NM3
1104638,NM4
1780800,NM1
235470,NM2
1430503,NM3
1215429,NM4
1183338,NM1
546944,NM2
1994839,NM3
1731655,NM4
881313,NM1
970233,NM2
1461594,NM3
2020375,NM4
823710,NM1
1825921,NM2
2223096,NM3
1521299,NM4
1734796,NM1
2045906,NM2
2220743,NM3
1249425,NM4
1067728,NM1
134856,NM2
1313190,NM3
1582594,NM4
837694,NM1
439135,NM2
1387233,NM3
1298998,NM4
2137749,NM1
239421,NM2
763289,NM3
994310,NM4
2464761,NM1
750244,NM2
1451540,NM3
1475876,NM4
2173926,NM1
2240948,NM2
2367232,NM3
1110112,NM4
2238810,NM1
2249464,NM2
2294521,NM3
2431393,NM4
2148514,NM1
1889232,NM2
2527867,NM3
1842867,NM4
857586,NM1
1139787,NM2
1722775,NM3
1843708,NM4
1046444,NM1
180104,NM2
2095041,NM3
1669918,NM4
1732257,NM1
129555,NM2
1950959,NM3
1218637,NM4
1036841,NM1
658561,NM2
1683517,NM3
829903,NM4
2259391,NM1
1007185,NM2
403276,NM3
1609215,NM4
2536719,NM1
986939,NM2
1921069,NM3
2483982,NM4
1981996,NM1
764293,NM2
670501,NM3
495541,NM4
2341502,NM1
146985,NM2
374400,NM3
1858570,NM4
1053130,NM1
517308,NM2
1950959,NM3
1217004,NM4
1701563,NM1
1188172,NM2
1418503,NM3
815857,NM4
888015,NM1
743896,NM2
1828556,NM3
2035761,NM4
2335100,NM1
657916,NM2
908093,NM3
1902799,NM4
1719416,NM1
2541686,NM2
2058636,NM3
2299512,NM4
819641,NM1
1806961,NM2
2174965,NM3
91462,NM4
2041389,NM1
2276016,NM2
281069,NM3
136540,NM4
2235249,NM1
2109396,NM2
1483766,NM3
146610,NM4
1725346,NM1
1358482,NM2
1278874,NM3
135142,NM4
1680262,NM1
1802630,NM2
2223745,NM3
2246356,NM4
1836680,NM1
1918015,NM2
2223096,NM3
1900116,NM4
2294643,NM1
1682412,NM2
1217021,NM3
2039543,NM4
1260593,NM1
1513223,NM2
2476320,NM3
2526517,NM4
1791443,NM1
85852,NM2
2269224,NM3
2442834,NM4
1524357,NM1
1774140,NM2
637391,NM3
2299512,NM4
1738018,NM1
2045906,NM2
1843575,NM3
792011,NM4
1775699,NM1
306669,NM2
1860818,NM3
1259186,NM4
1899894,NM1
146985,NM2
1392667,NM3
1572141,NM4
1207741,NM1
589969,NM2
1739893,NM3
1358299,NM4
1025551,NM1
2547374,NM2
1071438,NM3
2422429,NM4
1981240,NM1
658561,NM2
2042325,NM3
2287350,NM4
1296925,NM1
609843,NM2
2055575,NM3
2478414,NM4
1041727,NM1
938613,NM2
2140171,NM3
1843575,NM4
2464761,NM1
2016040,NM2
2047528,NM3
2034284,NM4
2444668,NM1
2362339,NM2
2233533,NM3
1731655,NM4
1842847,NM1
243656,NM2
444565,NM3
1725369,NM4
2461785,NM1
2164735,NM2
2355252,NM3
1958623,NM4
1185926,NM1
2015643,NM2
2210863,NM3
410858,NM4
2250670,NM1
2249464,NM2
2011390,NM3
2483983,NM4
1262025,NM1
890329,NM2
2471716,NM3
1612281,NM4
1683581,NM1
344709,NM2
1373874,NM3
2123415,NM4
2479386,NM1
1865787,NM2
1907437,NM3
1572436,NM4
2007683,NM1
793845,NM2
1389757,NM3
146610,NM4
2104765,NM1
877312,NM2
778603,NM3
1891490,NM4
1680262,NM1
2164735,NM2
1211828,NM3
1306399,NM4
2462350,NM1
2405862,NM2
1858228,NM3
1567435,NM4
1476592,NM1
2067141,NM2
1734156,NM3
674932,NM4
1466000,NM1
795867,NM2
2283680,NM3
1784484,NM4
1770368,NM1
765740,NM2
1994839,NM3
2143344,NM4
2150449,NM1
1918015,NM2
1509637,NM3
1731655,NM4
1872989,NM1
547874,NM2
1451540,NM3
2605902,NM4
1115737,NM1
2610052,NM2
2294521,NM3
1693575,NM4
1544643,NM1
658127,NM2
880761,NM3
1909963,NM4
2450295,NM1
2594030,NM2
1208032,NM3
2593243,NM4
2603951,NM1
2603758,NM2
2603702,NM3
2603689,NM4
2613045,NM1
2613136,NM2
2613140,NM3
2613078,NM4
2623951,NM1
2623954,NM2
2623950,NM3
2624042,NM4
2633788,NM1
2633688,NM2
2633668,NM3
2633685,NM4
2643380,NM1
2643096,NM2
2643106,NM3
2643101,NM4
2651915,NM1
2651771,NM2
2651798,NM3
2651784,NM4
1414172,NM1
1243846,NM2
1318360,NM3
1164369,NM4
1725346,NM1
658561,NM2
1184609,NM3
110914,NM4
1307021,NM1
2561517,NM2
733432,NM3
1042458,NM4
2052447,NM1
1838165,NM2
1802225,NM3
649034,NM4
2262204,NM1
1749822,NM2
2478570,NM3
2067859,NM4
823710,NM1
2565902,NM2
2560844,NM3
2538865,NM4
1725575,NM1
902716,NM2
1222034,NM3
1949860,NM4
1786106,NM1
2056505,NM2
832750,NM3
2154178,NM4
1165959,NM1
1139787,NM2
1457104,NM3
1726857,NM4
2173926,NM1
1644648,NM2
2460411,NM3
1921069,NM4
2196538,NM1
1951034,NM2
2446824,NM3
2344868,NM4
2308964,NM1
1983303,NM2
1883952,NM3
2054204,NM4
2301485,NM1
1836687,NM2
1475722,NM3
1368564,NM4
41857,NM1
50892,NM2
44782,NM3
35642,NM4
79862,NM1
129847,NM2
100237,NM3
118687,NM4
157582,NM1
111680,NM2
167683,NM2
50712,NM3
93981,NM4
47359,NM1
75733,NM2
104842,NM3
164432,NM4
58239,NM1
34625,NM2
23943,NM3
33736,NM4
89428,NM1
134855,NM2
85494,NM3
16722,NM4
42152,NM1
55437,NM2
87764,NM3
53627,NM4
168666,NM1
16266,NM2
110347,NM3
42793,NM4
104945,NM1
132466,NM2
85852,NM3
38426,NM4
2332234,NM1
1853547,NM2
2422801,NM3
2303727,NM4
2270652,NM1
106033,NM2
427455,NM3
2416428,NM4
286615,NM1
764293,NM2
1703567,NM3
2198452,NM4
1604097,NM1
158123,NM2
1148549,NM3
809470,NM4
1636104,NM1
134856,NM2
1258101,NM3
1670005,NM4
1811389,NM1
1168783,NM2
2100850,NM3
2101513,NM4
1734403,NM1
1803763,NM2
1451540,NM3
745238,NM4
1130326,NM1
215355,NM2
1775314,NM3
2364743,NM4
2157973,NM1
1083033,NM2
1858570,NM3
1500846,NM4
2267030,NM1
1860763,NM2
1009327,NM3
1784484,NM4
1053130,NM1
1822965,NM2
1865253,NM3
1188840,NM4
2428727,NM1
793845,NM2
1848810,NM3
2220743,NM4
1055997,NM1
2036340,NM2
1577423,NM3
824329,NM4
1791963,NM1
724194,NM2
1750069,NM3
832750,NM4
2361635,NM1
1714161,NM2
1740834,NM3
1876287,NM4
1725575,NM1
1317186,NM2
1624291,NM3
2028973,NM4
2450295,NM1
2528370,NM2
2143344,NM3
2446006,NM4
2122301,NM1
1415026,NM2
1734494,NM3
1128426,NM4
2103821,NM1
1067906,NM2
1241865,NM3
2473365,NM4
2256044,NM1
897279,NM2
1842867,NM3
2527867,NM4
2258127,NM1
281568,NM2
1734156,NM3
269773,NM4
1513645,NM1
1637465,NM2
2651083,NM3
1594728,NM4
1372222,NM1
2056505,NM2
822938,NM3
2028973,NM4
2450295,NM1
1434424,NM2
2218604,NM3
1120184,NM4
2637488,NM1
330273,NM2
2251036,NM3
1921069,NM4
1139752,NM1
733963,NM2
2028973,NM3
1836851,NM4
1320129,NM1
2394997,NM2
2535968,NM3
2129097,NM4
2588365,NM1
2348349,NM2
1603596,NM3
1804058,NM4
2414511,NM1
278451,NM2
2248448,NM3
421743,NM4
2295152,NM1
2067141,NM2
1978280,NM3
1639315,NM4
1639219,NM1
874858,NM2
1843231,NM3
1824960,NM4
1829505,NM1
523376,NM2
1572141,NM3
2293676,NM4
1719416,NM1
934014,NM2
1849148,NM3
2111383,NM4
1296305,NM1
1023355,NM2
2140171,NM3
2476527,NM4
2269187,NM1
1713461,NM2
1722011,NM3
2140171,NM4
2103821,NM1
1722835,NM2
2296799,NM3
2224372,NM4
2423209,NM1
2610052,NM2
1417513,NM3
2359478,NM4
2067859,NM1
2447685,NM2
1062720,NM3
2428598,NM4
2140939,NM1
2332429,NM2
2442088,NM3
2340228,NM4
1559618,NM1
1723711,NM2
2070999,NM3
2535968,NM4
764310,NM1
1023355,NM2
2708960,NM3
2054205,NM4
1066809,NM1
1749822,NM2
2136959,NM3
1125231,NM4
2096355,NM1
1889232,NM2
2130516,NM3
2267541,NM4
1123155,NM1
195305,NM2
2428503,NM3
1746520,NM4
2007683,NM1
665721,NM2
1464221,NM3
2028583,NM4
1957283,NM1
2036340,NM2
2361457,NM3
976980,NM4
1049962,NM1
789091,NM2
1476104,NM3
1392667,NM4
2184125,NM1
386760,NM2
1652184,NM3
2296800,NM4
975385,NM1
1226904,NM2
2023935,NM3
168031,NM4
2389725,NM1
1578256,NM2
792011,NM3
1722775,NM4
1225022,NM1
2026805,NM2
1178184,NM3
2708972,NM4
1689229,NM1
2356072,NM2
1457104,NM3
1726857,NM4
1324163,NM1
2163407,NM2
2496766,NM3
821336,NM4
1294192,NM1
320180,NM2
1979370,NM3
2105177,NM4
1399911,NM1
854741,NM2
1634370,NM3
123374,NM4
1423986,NM1
639119,NM2
647519,NM3
1156288,NM4
2458833,NM1
1469240,NM2
187410,NM3
1753257,NM4
689290,NM1
2077120,NM2
1627723,NM3
1696541,NM4
2196978,NM1
146985,NM2
2295053,NM3
1115112,NM4
1790104,NM1
2067141,NM2
2187624,NM3
1440743,NM4
1372222,NM1
719001,NM2
2361457,NM3
1222034,NM4
1908522,NM1
496121,NM2
1145829,NM3
2015158,NM4
693181,NM1
2040105,NM2
1600995,NM3
2044890,NM4
1485744,NM1
757386,NM2
1742530,NM3
2060558,NM4
991043,NM1
147370,NM2
643565,NM3
1525129,NM4
1321786,NM1
1514771,NM2
1505919,NM3
1744010,NM4
1089478,NM1
1620228,NM2
952576,NM3
1966765,NM4
1575968,NM1
1046499,NM2
1462834,NM3
1310291,NM4
2043178,NM1
1938365,NM2
1526485,NM3
969943,NM4
2276179,NM1
243487,NM2
716398,NM3
2043907,NM4
2247589,NM1
1242897,NM2
2020375,NM3
2133726,NM4
1910836,NM1
2045906,NM2
2276025,NM3
1218637,NM4
2394332,NM1
2522864,NM2
1222034,NM3
1809677,NM4
841064,NM1
2561517,NM2
2137778,NM3
1013338,NM4
1240583,NM1
1722835,NM2
2470619,NM3
2223096,NM4
2367179,NM1
2249464,NM2
1315878,NM3
1451733,NM4
2676534,NM1
1009197,NM2
2376713,NM3
890911,NM4
2240403,NM1
783867,NM2
1521481,NM3
2159327,NM4
1175500,NM1
729813,NM2
2148692,NM3
2123262,NM4
490113,NM1
657054,NM2
1626314,NM3
904077,NM4
2377851,NM1
1799238,NM2
1672513,NM3
1009021,NM4
1245276,NM1
1223596,NM2
541990,NM3
716398,NM4
2196278,NM1
786379,NM2
1538272,NM3
1919057,NM4
1728042,NM1
1766008,NM2
1652184,NM3
1432320,NM4
1682101,NM1
330273,NM2
2100850,NM3
1805438,NM4
1115206,NM1
528959,NM2
2244254,NM3
1456417,NM4
2158483,NM1
765740,NM2
1306399,NM3
2133726,NM4
2445272,NM1
547874,NM2
2520609,NM3
2535968,NM4
1099747,NM1
281632,NM2
1451733,NM3
2328071,NM4
1836680,NM1
1014449,NM2
1717644,NM3
2708957,NM4
465548,NM1
2692384,NM2
2517999,NM3
1257855,NM4
371325,NM1
2144183,NM2
2241458,NM3
1726062,NM4
1960329,NM1
153891,NM2
2416430,NM3
129489,NM4
753001,NM1
243487,NM2
2129750,NM3
2323863,NM4
2055843,NM1
278451,NM2
2493468,NM3
35010,NM4
837877,NM1
845391,NM2
1958595,NM3
2484271,NM4
1301069,NM1
195305,NM2
1768260,NM3
1784484,NM4
1934098,NM1
2036340,NM2
2134906,NM3
1949860,NM4
1248700,NM1
2522864,NM2
2371698,NM3
1160948,NM4
2618028,NM1
2561807,NM2
2615879,NM3
2279885,NM4
1361429,NM1
2225237,NM2
2455153,NM3
1178554,NM4
1290788,NM1
705111,NM2
2442117,NM3
1222034,NM4
1736830,NM1
1069933,NM2
2621146,NM3
763289,NM4
2280910,NM1
547874,NM2
2337780,NM3
2074994,NM4
1400367,NM1
1408381,NM2
2039839,NM3
2439074,NM4
1801586,NM1
2249464,NM2
2293236,NM3
2700747,NM4
1172171,NM1
983645,NM2
1215429,NM3
1715921,NM4
1780800,NM1
724194,NM2
1731655,NM3
1849148,NM4
1183338,NM1
2026835,NM2
2362655,NM3
1603080,NM4
1655167,NM1
2026805,NM2
1728500,NM3
1918328,NM4
2262204,NM1
988403,NM2
2103267,NM3
1973805,NM4
1810154,NM1
2249464,NM2
1559554,NM3
1731978,NM4
1732533,NM1
1682749,NM2
1299008,NM3
1156536,NM4
2667881,NM1
2670759,NM2
2465287,NM3
2670817,NM4
2450295,NM1
2680248,NM2
2680283,NM3
2680328,NM4
2689633,NM1
2689713,NM2
2633136,NM3
2689434,NM4
2699190,NM1
2699196,NM2
2699135,NM3
2699240,NM4
2708955,NM1
2708949,NM2
2708946,NM3
2708950,NM4
2719302,NM1
2719284,NM2
2651784,NM3
2719485,NM4
1965652,NM1
895499,NM2
281914,NM3
1741529,NM4
2126375,NM1
2004679,NM2
1405094,NM3
2044890,NM4
244691,NM1
637477,NM2
2425180,NM3
1985430,NM4
1354594,NM1
241578,NM2
1713589,NM3
2306843,NM4
1806995,NM1
216587,NM2
2167576,NM3
2220267,NM4
1141598,NM1
142772,NM2
1093661,NM3
2003514,NM4
1923556,NM1
1176958,NM2
2279885,NM3
1701907,NM4
941100,NM1
1215683,NM2
1042342,NM3
264261,NM4
544136,NM1
734096,NM2
1246807,NM3
1164369,NM4
1255495,NM1
2021526,NM2
1963382,NM3
1652184,NM4
1229631,NM1
1323758,NM2
1018247,NM3
1191831,NM4
646087,NM1
1505285,NM2
1058995,NM3
1648505,NM4
959233,NM1
1039801,NM2
2143344,NM3
952183,NM4
1125470,NM1
384313,NM2
2644430,NM3
442037,NM4
1133815,NM1
1685793,NM2
1858570,NM3
2279885,NM4
1081059,NM1
2170985,NM2
2615879,NM3
1160949,NM4
2104765,NM1
2522864,NM2
1949860,NM3
2648752,NM4
841064,NM1
1578256,NM2
2557886,NM3
2594285,NM4
2559558,NM1
1158582,NM2
2605902,NM3
2074994,NM4
2462350,NM1
1722835,NM2
1842523,NM3
2254959,NM4
2715370,NM1
1009197,NM2
1092615,NM3
2359478,NM4
2323381,NM1
1373874,NM2
2054203,NM3
613823,NM4
1618099,NM1
2061191,NM2
119238,NM3
2220535,NM4
1025551,NM1
2283680,NM2
1176958,NM3
1936561,NM4
2557665,NM1
2504554,NM2
2595876,NM3
1602397,NM4
986375,NM1
1387233,NM2
1618872,NM3
2135058,NM4
2285354,NM1
1780118,NM2
2431393,NM3
2233533,NM4
682956,NM1
1863246,NM2
2592030,NM3
2251947,NM4
1727264,NM1
1754360,NM2
1600778,NM3
1845341,NM4
2116001,NM1
124512,NM2
1763943,NM3
1907437,NM4
2258127,NM1
1950959,NM2
1461560,NM3
1437419,NM4
523661,NM1
381928,NM2
1639734,NM3
996731,NM4
1553352,NM1
1419909,NM2
2615879,NM3
716398,NM4
1345731,NM1
808343,NM2
2377855,NM3
1292224,NM4
1121252,NM1
2617259,NM2
1946200,NM3
1816843,NM4
2234671,NM1
2387070,NM2
1993127,NM3
1930514,NM4
648072,NM1
2691230,NM2
270980,NM3
2314613,NM4
2106385,NM1
568565,NM2
2377681,NM3
1951214,NM4
1972181,NM1
1688906,NM2
2250658,NM3
2330589,NM4
901137,NM1
806856,NM2
908183,NM3
1682894,NM4
1513645,NM1
2017276,NM2
1605312,NM3
1963977,NM4
1725575,NM1
544334,NM2
1836239,NM3
2577810,NM4
2389725,NM1
1644648,NM2
2260846,NM3
2087044,NM4
2269187,NM1
1838165,NM2
1958623,NM3
736300,NM4
1290650,NM1
1722835,NM2
2535968,NM3
2089695,NM4
2411125,NM1
1042623,NM2
2588797,NM3
921620,NM4
2003682,NM1
480405,NM2
1891490,NM3
2177100,NM4
2483209,NM1
1906106,NM2
2689525,NM3
2645666,NM4
2540649,NM1
330273,NM2
2092293,NM3
2380608,NM4
1962655,NM1
2680248,NM2
2427563,NM3
2446006,NM4
2689633,NM1
2477046,NM2
2621146,NM3
2486052,NM4
2675756,NM1
1023355,NM2
1993172,NM3
2318302,NM4
1646696,NM1
1083206,NM2
2385728,NM3
567233,NM4
1764267,NM1
789091,NM2
2361622,NM3
2166564,NM4
2003682,NM1
480405,NM2
1891490,NM3
2177100,NM4
2483209,NM1
1906106,NM2
2689525,NM3
2645666,NM4
2540649,NM1
330273,NM2
2092293,NM3
2380608,NM4
2433309,NM1
2680248,NM2
2427563,NM3
1739636,NM4
2689633,NM1
2477046,NM2
2621146,NM3
2486052,NM4
1965652,NM1
895499,NM2
281914,NM3
1741529,NM4
2126375,NM1
2004679,NM2
1405094,NM3
2044890,NM4
244691,NM1
637477,NM2
2425180,NM3
1985430,NM4
1354594,NM1
241578,NM2
1713589,NM3
2306843,NM4
1806995,NM1
216587,NM2
2167576,NM3
2220267,NM4
1141598,NM1
142772,NM2
1093661,NM3
2003514,NM4
1923556,NM1
1176958,NM2
2279885,NM3
1701907,NM4
2104754,NM1
1039801,NM2
2251000,NM3
1562547,NM4
2621468,NM1
2680248,NM2
2574593,NM3
2542628,NM4
1872989,NM1
2598804,NM2
2437708,NM3
2699240,NM4
2462350,NM1
988403,NM2
1938335,NM3
2633668,NM4
2708955,NM1
1826282,NM2
2668591,NM3
2134989,NM4
2590221,NM1
2518737,NM2
1862523,NM3
1315878,NM4
1081885,NM1
2719284,NM2
2420241,NM3
2595199,NM4
2017163,NM1
566749,NM2
1345661,NM3
2195984,NM4
1327000,NM1
1469240,NM2
842512,NM3
2686352,NM4
722934,NM1
662064,NM2
1244426,NM3
1046977,NM4
763520,NM1
1570432,NM2
2167576,NM3
2153280,NM4
2196278,NM1
849410,NM2
2035761,NM3
1877730,NM4
2034429,NM1
2477065,NM2
1120184,NM3
1444358,NM4
2607149,NM1
2732587,NM2
2645666,NM3
1287822,NM4
1719416,NM1
1578256,NM2
2140171,NM3
2478414,NM4
2485000,NM1
2680853,NM2
2323943,NM3
1126317,NM4
2247588,NM1
1083206,NM2
2480417,NM3
1726478,NM4
1966553,NM1
2336532,NM2
2049110,NM3
682994,NM4
1804048,NM1
970233,NM2
1849134,NM3
1945032,NM4
1680262,NM1
2477046,NM2
2621146,NM3
2569284,NM4
2103821,NM1
2689713,NM2
1632051,NM3
2574593,NM4
2196538,NM1
1408381,NM2
1854558,NM3
2747886,NM4
2332963,NM1
1009197,NM2
2305315,NM3
2028397,NM4
837877,NM1
2603758,NM2
1003866,NM3
1104818,NM4
1050198,NM1
743896,NM2
2220743,NM3
2574916,NM4
1879954,NM1
1389624,NM2
2659349,NM3
2198951,NM4
2719388,NM1
1918015,NM2
2388562,NM3
2479006,NM4
2685141,NM1
2026805,NM2
2430730,NM3
2199070,NM4
2579124,NM1
433168,NM2
2362076,NM3
1990317,NM4
18577,NM1
1050582,NM2
1794298,NM3
2028973,NM4
2684033,NM1
970233,NM2
2220926,NM3
2227418,NM4
2078195,NM1
1011046,NM2
2442088,NM3
2574593,NM4
1961029,NM1
657917,NM2
2708972,NM3
1938335,NM4
2194622,NM1
2077119,NM2
2520609,NM3
2367232,NM4
2715370,NM1
2271070,NM2
2768155,NM3
2699135,NM4
1001573,NM1
not submitted,NM2
1464590,NM3
2105177,NM4
1282279,NM1
1733764,NM2
1501410,NM3
800502,NM4
2096800,NM1
86757,NM2
1656879,NM3
442037,NM4
1027973,NM1
1306871,NM2
987514,NM3
306934,NM4
1026834,NM1
not submitted,NM2
2034588,NM3
1753120,NM4
1875396,NM1
1425047,NM2
1475812,NM3
1430503,NM4
1417945,NM1
970233,NM2
1802225,NM3
2047528,NM4
2373544,NM1
2365928,NM2
2455153,NM3
2195984,NM4
2535584,NM1
2067141,NM2
1615502,NM3
442037,NM4
2750909,NM1
2603758,NM2
2220267,NM3
2054203,NM4
2196456,NM1
2411485,NM2
2363847,NM3
2640443,NM4
2485000,NM1
526757,NM2
2680792,NM3
1874847,NM4
847386,NM1
2522864,NM2
1756216,NM3
792011,NM4
2280910,NM1
1865097,NM2
2623950,NM3
2596847,NM4
2540648,NM1
142772,NM2
2442178,NM3
2415132,NM4
1435677,NM1
1306871,NM2
146610,NM3
1582594,NM4
2342037,NM1
2613136,NM2
1983241,NM3
2666993,NM4
2297302,NM1
544334,NM2
1253062,NM3
2167873,NM4
2657558,NM1
2026805,NM2
2572531,NM3
1722011,NM4
1124857,NM1
2633689,NM2
2545390,NM3
2520609,NM4
2675756,NM1
2249464,NM2
2784409,NM3
2061081,NM4
2777404,NM1
2496838,NM2
2700747,NM3
2731945,NM4
2598933,NM1
2476072,NM2
2148625,NM3
2131582,NM4
1773968,NM1
2750537,NM2
2506968,NM3
1696541,NM4
1966553,NM1
1042623,NM2
2279885,NM3
2751487,NM4
2053468,NM1
2772466,NM2
2476568,NM3
2531431,NM4
2559558,NM1
2785199,NM2
2701912,NM3
2724800,NM4
2498628,NM1
902716,NM2
2670817,NM3
2592046,NM4
2692721,NM1
1865787,NM2
2220267,NM3
2768528,NM4
2461784,NM1
2659369,NM2
1950959,NM3
2349438,NM4
1536491,NM1
2411485,NM2
2362076,NM3
2725845,NM4
2284524,NM1
1039801,NM2
2092293,NM3
2028973,NM4
2478036,NM1
547874,NM2
2722429,NM3
2254959,NM4
1848732,NM1
2014556,NM2
2034488,NM3
2095041,NM4
932400,NM1
2809229,NM2
2610932,NM3
1462834,NM4
1214269,NM1
2276016,NM2
2172628,NM3
821336,NM4
1748071,NM1
613823,NM2
1734156,NM3
1762322,NM4
1379897,NM1
2077120,NM2
1701907,NM3
341005,NM4
1635124,NM1
1317186,NM2
2529041,NM3
1724396,NM4
611363,NM1
895499,NM2
1662095,NM3
2054199,NM4
2197839,NM1
180104,NM2
1481207,NM3
2108885,NM4
1536489,NM1
1701907,NM2
2519797,NM3
1321943,NM4
975153,NM1
2547374,NM2
1936561,NM3
1104818,NM4
1725575,NM1
2144226,NM2
344709,NM3
2251036,NM4
1719416,NM1
1644648,NM2
2148690,NM3
1938201,NM4
2196456,NM1
257793,NM2
656915,NM3
1456417,NM4
2258888,NM1
2833172,NM2
1581508,NM3
1734156,NM4
1459734,NM1
1226904,NM2
1519914,NM3
1610215,NM4
2158483,NM1
1152893,NM2
1896581,NM3
2022378,NM4
1162811,NM1
1972186,NM2
1927613,NM3
2220926,NM4
1400367,NM1
1907933,NM2
1958623,NM3
1659770,NM4
1804239,NM1
2031188,NM2
1930332,NM3
1697753,NM4
2056031,NM1
2017276,NM2
1932689,NM3
1891490,NM4
1530772,NM1
1455320,NM2
1927613,NM3
1974177,NM4
1761351,NM1
1660602,NM2
1483226,NM3
1961615,NM4
1587275,NM1
760779,NM2
820336,NM3
1426038,NM4
1204535,NM1
1770552,NM2
2320454,NM3
1234400,NM4
1656870,NM1
261725,NM2
1459462,NM3
1782567,NM4
968814,NM1
870566,NM2
1971416,NM3
2003510,NM4
2323381,NM1
1116417,NM2
1878931,NM3
2107209,NM4
1895993,NM1
248501,NM2
2057654,NM3
2414418,NM4
2136080,NM1
735377,NM2
2133726,NM3
1208032,NM4
1008851,NM1
1413224,NM2
820336,NM3
1217021,NM4
2382179,NM1
1872812,NM2
670501,NM3
2318384,NM4
1414172,NM1
1396459,NM2
2153280,NM3
1462801,NM4
1680262,NM1
1226904,NM2
1306399,NM3
2404820,NM4
1124857,NM1
1863201,NM2
2386199,NM3
1993172,NM4
2084319,NM1
2249464,NM2
2011188,NM3
2486052,NM4
